{
  "video_path": "Rithika_Training.MOV",
  "total_segments": 184,
  "video_duration_sec": 134.12500206987912,
  "total_action_duration_sec": 164.27605356847172,
  "player_count": 2,
  "actions_per_minute": 12.972972772768049,
  "action_counts": {
    "serve": 28,
    "set": 0,
    "spike": 0,
    "block": 0,
    "dig": 1,
    "receive": 141,
    "celebrate": 0,
    "idle": 0,
    "moving": 14,
    "no_call": 0,
    "total": 184
  },
  "action_distribution_percent": {
    "serve": 96.55172413793103,
    "dig": 3.4482758620689653
  },
  "quality_breakdown": {
    "good": 12,
    "uncertain": 172
  },
  "player_summaries": {
    "P2": {
      "segment_count": 182,
      "total_time_sec": 161.7762129491639,
      "active_actions": 29,
      "avg_confidence": 0.6728853183336945
    },
    "P309": {
      "segment_count": 2,
      "total_time_sec": 2.4998406193078324,
      "active_actions": 0,
      "avg_confidence": 0.6869318181818183
    }
  }
}